{
  "task_name": {
    "precision": 0.0,
    "recall": 0.0,
    "f1-score": 0.0,
    "support": 27
  },
  "org_id": {
    "precision": 0.0,
    "recall": 0.0,
    "f1-score": 0.0,
    "support": 2
  },
  "stream_name": {
    "precision": 0.0,
    "recall": 0.0,
    "f1-score": 0.0,
    "support": 23
  },
  "workspace_name": {
    "precision": 0.0,
    "recall": 0.0,
    "f1-score": 0.0,
    "support": 31
  },
  "workspace_description": {
    "precision": 0.0,
    "recall": 0.0,
    "f1-score": 0.0,
    "support": 34
  },
  "name": {
    "precision": 1.0,
    "recall": 0.0425531914893617,
    "f1-score": 0.08163265306122448,
    "support": 94
  },
  "micro avg": {
    "precision": 1.0,
    "recall": 0.018957345971563982,
    "f1-score": 0.0372093023255814,
    "support": 211
  },
  "macro avg": {
    "precision": 0.16666666666666666,
    "recall": 0.0070921985815602835,
    "f1-score": 0.013605442176870748,
    "support": 211
  },
  "weighted avg": {
    "precision": 0.44549763033175355,
    "recall": 0.018957345971563982,
    "f1-score": 0.03636715349646968,
    "support": 211
  }
}