{
  "stop": {
    "precision": 1.0,
    "recall": 0.6,
    "f1-score": 0.7499999999999999,
    "support": 5,
    "confused_with": {
      "goodbye": 1,
      "affirm": 1
    }
  },
  "create_task": {
    "precision": 1.0,
    "recall": 1.0,
    "f1-score": 1.0,
    "support": 9,
    "confused_with": {}
  },
  "inform": {
    "precision": 1.0,
    "recall": 1.0,
    "f1-score": 1.0,
    "support": 26,
    "confused_with": {}
  },
  "deny": {
    "precision": 0.875,
    "recall": 0.7777777777777778,
    "f1-score": 0.823529411764706,
    "support": 9,
    "confused_with": {
      "greet": 1,
      "affirm": 1
    }
  },
  "mood_unhappy": {
    "precision": 1.0,
    "recall": 0.5,
    "f1-score": 0.6666666666666666,
    "support": 2,
    "confused_with": {
      "affirm": 1
    }
  },
  "affirm": {
    "precision": 0.6896551724137931,
    "recall": 0.8,
    "f1-score": 0.7407407407407408,
    "support": 25,
    "confused_with": {
      "greet": 2,
      "thankyou": 1
    }
  },
  "greet": {
    "precision": 0.7,
    "recall": 0.5384615384615384,
    "f1-score": 0.608695652173913,
    "support": 13,
    "confused_with": {
      "name": 2,
      "affirm": 2
    }
  },
  "thankyou": {
    "precision": 0.8181818181818182,
    "recall": 0.9,
    "f1-score": 0.8571428571428572,
    "support": 10,
    "confused_with": {
      "affirm": 1
    }
  },
  "goodbye": {
    "precision": 0.6,
    "recall": 0.5,
    "f1-score": 0.5454545454545454,
    "support": 6,
    "confused_with": {
      "affirm": 2,
      "name": 1
    }
  },
  "name": {
    "precision": 0.9333333333333333,
    "recall": 0.9824561403508771,
    "f1-score": 0.9572649572649572,
    "support": 57,
    "confused_with": {
      "affirm": 1
    }
  },
  "micro avg": {
    "precision": 0.8703703703703703,
    "recall": 0.8703703703703703,
    "f1-score": 0.8703703703703703,
    "support": 162
  },
  "macro avg": {
    "precision": 0.8616170323928944,
    "recall": 0.7598695456590192,
    "f1-score": 0.7949494831208387,
    "support": 162
  },
  "weighted avg": {
    "precision": 0.8715938116800185,
    "recall": 0.8703703703703703,
    "f1-score": 0.8662649286682313,
    "support": 162
  }
}