{
  "workspace_type": {
    "precision": 0.0,
    "recall": 0.0,
    "f1-score": 0.0,
    "support": 2
  },
  "task_name": {
    "precision": 0.0,
    "recall": 0.0,
    "f1-score": 0.0,
    "support": 33
  },
  "org_id": {
    "precision": 0.0,
    "recall": 0.0,
    "f1-score": 0.0,
    "support": 1
  },
  "stream_id": {
    "precision": 0.0,
    "recall": 0.0,
    "f1-score": 0.0,
    "support": 1
  },
  "stream_name": {
    "precision": 0.0,
    "recall": 0.0,
    "f1-score": 0.0,
    "support": 15
  },
  "workspace_name": {
    "precision": 0.0,
    "recall": 0.0,
    "f1-score": 0.0,
    "support": 48
  },
  "workspace_description": {
    "precision": 0.0,
    "recall": 0.0,
    "f1-score": 0.0,
    "support": 27
  },
  "name": {
    "precision": 0.9425287356321839,
    "recall": 0.6776859504132231,
    "f1-score": 0.7884615384615384,
    "support": 121
  },
  "micro avg": {
    "precision": 0.9425287356321839,
    "recall": 0.33064516129032256,
    "f1-score": 0.48955223880597015,
    "support": 248
  },
  "macro avg": {
    "precision": 0.11781609195402298,
    "recall": 0.08471074380165289,
    "f1-score": 0.0985576923076923,
    "support": 248
  },
  "weighted avg": {
    "precision": 0.4598628105302187,
    "recall": 0.33064516129032256,
    "f1-score": 0.3846929280397022,
    "support": 248
  }
}