{
  "task_name": {
    "precision": 0.0,
    "recall": 0.0,
    "f1-score": 0.0,
    "support": 34
  },
  "task_priority": {
    "precision": 0.0,
    "recall": 0.0,
    "f1-score": 0.0,
    "support": 1
  },
  "stream_name": {
    "precision": 0.0,
    "recall": 0.0,
    "f1-score": 0.0,
    "support": 29
  },
  "workspace_name": {
    "precision": 0.0,
    "recall": 0.0,
    "f1-score": 0.0,
    "support": 29
  },
  "ws_id": {
    "precision": 0.0,
    "recall": 0.0,
    "f1-score": 0.0,
    "support": 1
  },
  "workspace_description": {
    "precision": 0.0,
    "recall": 0.0,
    "f1-score": 0.0,
    "support": 29
  },
  "name": {
    "precision": 0.8372093023255814,
    "recall": 0.375,
    "f1-score": 0.5179856115107913,
    "support": 96
  },
  "micro avg": {
    "precision": 0.8372093023255814,
    "recall": 0.1643835616438356,
    "f1-score": 0.2748091603053435,
    "support": 219
  },
  "macro avg": {
    "precision": 0.11960132890365449,
    "recall": 0.05357142857142857,
    "f1-score": 0.07399794450154161,
    "support": 219
  },
  "weighted avg": {
    "precision": 0.3669958585536795,
    "recall": 0.1643835616438356,
    "f1-score": 0.2270621858677441,
    "support": 219
  }
}