{
  "stop": {
    "precision": 0.4,
    "recall": 0.4,
    "f1-score": 0.4000000000000001,
    "support": 5,
    "confused_with": {
      "thankyou": 1,
      "greet": 1
    }
  },
  "create_task": {
    "precision": 0.5625,
    "recall": 1.0,
    "f1-score": 0.72,
    "support": 9,
    "confused_with": {}
  },
  "inform": {
    "precision": 0.8666666666666667,
    "recall": 0.5,
    "f1-score": 0.6341463414634146,
    "support": 26,
    "confused_with": {
      "greet": 4,
      "create_task": 4
    }
  },
  "deny": {
    "precision": 0.0,
    "recall": 0.0,
    "f1-score": 0.0,
    "support": 9,
    "confused_with": {
      "stop": 2,
      "create_task": 2,
      "affirm": 2
    }
  },
  "mood_unhappy": {
    "precision": 0.0,
    "recall": 0.0,
    "f1-score": 0.0,
    "support": 2,
    "confused_with": {
      "goodbye": 1,
      "affirm": 1
    }
  },
  "affirm": {
    "precision": 0.47368421052631576,
    "recall": 0.36,
    "f1-score": 0.40909090909090906,
    "support": 25,
    "confused_with": {
      "thankyou": 6,
      "name": 2
    }
  },
  "greet": {
    "precision": 0.3125,
    "recall": 0.38461538461538464,
    "f1-score": 0.3448275862068966,
    "support": 13,
    "confused_with": {
      "goodbye": 3,
      "thankyou": 2
    }
  },
  "thankyou": {
    "precision": 0.4,
    "recall": 1.0,
    "f1-score": 0.5714285714285715,
    "support": 10,
    "confused_with": {}
  },
  "goodbye": {
    "precision": 0.3,
    "recall": 0.5,
    "f1-score": 0.37499999999999994,
    "support": 6,
    "confused_with": {
      "affirm": 2,
      "thankyou": 1
    }
  },
  "name": {
    "precision": 0.9074074074074074,
    "recall": 0.8596491228070176,
    "f1-score": 0.8828828828828829,
    "support": 57,
    "confused_with": {
      "greet": 3,
      "affirm": 2
    }
  },
  "micro avg": {
    "precision": 0.6172839506172839,
    "recall": 0.6172839506172839,
    "f1-score": 0.6172839506172839,
    "support": 162
  },
  "macro avg": {
    "precision": 0.422275828460039,
    "recall": 0.5004264507422402,
    "f1-score": 0.43373762910726754,
    "support": 162
  },
  "weighted avg": {
    "precision": 0.635942350732799,
    "recall": 0.6172839506172839,
    "f1-score": 0.6047311497816124,
    "support": 162
  }
}