{
  "workspace_type": {
    "precision": 0.0,
    "recall": 0.0,
    "f1-score": 0.0,
    "support": 2
  },
  "task_name": {
    "precision": 0.0,
    "recall": 0.0,
    "f1-score": 0.0,
    "support": 33
  },
  "org_id": {
    "precision": 0.0,
    "recall": 0.0,
    "f1-score": 0.0,
    "support": 1
  },
  "stream_id": {
    "precision": 0.0,
    "recall": 0.0,
    "f1-score": 0.0,
    "support": 1
  },
  "stream_name": {
    "precision": 0.0,
    "recall": 0.0,
    "f1-score": 0.0,
    "support": 15
  },
  "workspace_name": {
    "precision": 0.6428571428571429,
    "recall": 0.2,
    "f1-score": 0.3050847457627119,
    "support": 45
  },
  "workspace_description": {
    "precision": 1.0,
    "recall": 0.5925925925925926,
    "f1-score": 0.7441860465116279,
    "support": 27
  },
  "name": {
    "precision": 0.9347826086956522,
    "recall": 0.8686868686868687,
    "f1-score": 0.9005235602094241,
    "support": 99
  },
  "micro avg": {
    "precision": 0.9098360655737705,
    "recall": 0.4977578475336323,
    "f1-score": 0.6434782608695652,
    "support": 223
  },
  "macro avg": {
    "precision": 0.3222049689440994,
    "recall": 0.20765993265993266,
    "f1-score": 0.2437242940604705,
    "support": 223
  },
  "weighted avg": {
    "precision": 0.6657939447956995,
    "recall": 0.4977578475336323,
    "f1-score": 0.5514514317303542,
    "support": 223
  }
}