{
  "create_task": {
    "precision": 0.8181818181818182,
    "recall": 1.0,
    "f1-score": 0.9,
    "support": 9,
    "confused_with": {}
  },
  "thankyou": {
    "precision": 0.34615384615384615,
    "recall": 0.9,
    "f1-score": 0.5,
    "support": 10,
    "confused_with": {
      "deny": 1
    }
  },
  "deny": {
    "precision": 0.10714285714285714,
    "recall": 0.6666666666666666,
    "f1-score": 0.18461538461538463,
    "support": 9,
    "confused_with": {
      "thankyou": 1,
      "create_task": 1
    }
  },
  "greet": {
    "precision": 0.375,
    "recall": 0.23076923076923078,
    "f1-score": 0.2857142857142857,
    "support": 13,
    "confused_with": {
      "deny": 8,
      "thankyou": 2
    }
  },
  "mood_unhappy": {
    "precision": 0.5,
    "recall": 0.5,
    "f1-score": 0.5,
    "support": 2,
    "confused_with": {
      "deny": 1
    }
  },
  "goodbye": {
    "precision": 0.0,
    "recall": 0.0,
    "f1-score": 0.0,
    "support": 6,
    "confused_with": {
      "affirm": 2,
      "thankyou": 1,
      "stop": 1
    }
  },
  "stop": {
    "precision": 0.0,
    "recall": 0.0,
    "f1-score": 0.0,
    "support": 5,
    "confused_with": {
      "thankyou": 2,
      "greet": 2,
      "deny": 1
    }
  },
  "name": {
    "precision": 0.9705882352941176,
    "recall": 0.5789473684210527,
    "f1-score": 0.7252747252747253,
    "support": 57,
    "confused_with": {
      "deny": 15,
      "thankyou": 6
    }
  },
  "inform": {
    "precision": 1.0,
    "recall": 0.3076923076923077,
    "f1-score": 0.47058823529411764,
    "support": 26,
    "confused_with": {
      "deny": 14,
      "mood_unhappy": 1
    }
  },
  "affirm": {
    "precision": 0.6,
    "recall": 0.36,
    "f1-score": 0.45,
    "support": 25,
    "confused_with": {
      "deny": 9,
      "thankyou": 5
    }
  },
  "micro avg": {
    "precision": 0.48148148148148145,
    "recall": 0.48148148148148145,
    "f1-score": 0.48148148148148145,
    "support": 162
  },
  "macro avg": {
    "precision": 0.47170667567726393,
    "recall": 0.45440755735492583,
    "f1-score": 0.4016192630898513,
    "support": 162
  },
  "weighted avg": {
    "precision": 0.7036295676001558,
    "recall": 0.48148148148148145,
    "f1-score": 0.5203813434205591,
    "support": 162
  }
}