{
  "stop": {
    "precision": 0.42857142857142855,
    "recall": 0.6,
    "f1-score": 0.5,
    "support": 5,
    "confused_with": {
      "greet": 1,
      "goodbye": 1
    }
  },
  "create_task": {
    "precision": 0.75,
    "recall": 1.0,
    "f1-score": 0.8571428571428571,
    "support": 9,
    "confused_with": {}
  },
  "inform": {
    "precision": 0.875,
    "recall": 0.5384615384615384,
    "f1-score": 0.6666666666666667,
    "support": 26,
    "confused_with": {
      "affirm": 7,
      "create_task": 3
    }
  },
  "deny": {
    "precision": 0.5,
    "recall": 0.3333333333333333,
    "f1-score": 0.4,
    "support": 9,
    "confused_with": {
      "affirm": 3,
      "stop": 2
    }
  },
  "mood_unhappy": {
    "precision": 0.0,
    "recall": 0.0,
    "f1-score": 0.0,
    "support": 2,
    "confused_with": {
      "inform": 1,
      "affirm": 1
    }
  },
  "affirm": {
    "precision": 0.42105263157894735,
    "recall": 0.64,
    "f1-score": 0.5079365079365079,
    "support": 25,
    "confused_with": {
      "name": 4,
      "deny": 2
    }
  },
  "greet": {
    "precision": 0.6923076923076923,
    "recall": 0.6923076923076923,
    "f1-score": 0.6923076923076923,
    "support": 13,
    "confused_with": {
      "name": 2,
      "affirm": 2
    }
  },
  "thankyou": {
    "precision": 1.0,
    "recall": 0.9,
    "f1-score": 0.9473684210526316,
    "support": 10,
    "confused_with": {
      "affirm": 1
    }
  },
  "goodbye": {
    "precision": 0.5,
    "recall": 0.3333333333333333,
    "f1-score": 0.4,
    "support": 6,
    "confused_with": {
      "affirm": 3,
      "stop": 1
    }
  },
  "name": {
    "precision": 0.875,
    "recall": 0.8596491228070176,
    "f1-score": 0.8672566371681416,
    "support": 57,
    "confused_with": {
      "affirm": 5,
      "mood_unhappy": 1
    }
  },
  "micro avg": {
    "precision": 0.7037037037037037,
    "recall": 0.7037037037037037,
    "f1-score": 0.7037037037037037,
    "support": 162
  },
  "macro avg": {
    "precision": 0.6041931752458068,
    "recall": 0.5897085020242916,
    "f1-score": 0.5838678782274498,
    "support": 162
  },
  "weighted avg": {
    "precision": 0.7317541539032767,
    "recall": 0.7037037037037037,
    "f1-score": 0.7046502733033465,
    "support": 162
  }
}