{
  "stop": {
    "precision": 0.0,
    "recall": 0.0,
    "f1-score": 0.0,
    "support": 5,
    "confused_with": {
      "affirm": 5
    }
  },
  "create_task": {
    "precision": 0.0,
    "recall": 0.0,
    "f1-score": 0.0,
    "support": 9,
    "confused_with": {
      "inform": 8,
      "affirm": 1
    }
  },
  "inform": {
    "precision": 0.3389830508474576,
    "recall": 0.7692307692307693,
    "f1-score": 0.4705882352941177,
    "support": 26,
    "confused_with": {
      "name": 6
    }
  },
  "deny": {
    "precision": 0.0,
    "recall": 0.0,
    "f1-score": 0.0,
    "support": 9,
    "confused_with": {
      "affirm": 5,
      "inform": 3,
      "name": 1
    }
  },
  "mood_unhappy": {
    "precision": 0.0,
    "recall": 0.0,
    "f1-score": 0.0,
    "support": 2,
    "confused_with": {
      "inform": 1,
      "affirm": 1
    }
  },
  "affirm": {
    "precision": 0.18181818181818182,
    "recall": 0.16,
    "f1-score": 0.1702127659574468,
    "support": 25,
    "confused_with": {
      "name": 12,
      "inform": 9
    }
  },
  "greet": {
    "precision": 0.0,
    "recall": 0.0,
    "f1-score": 0.0,
    "support": 13,
    "confused_with": {
      "name": 8,
      "inform": 4,
      "affirm": 1
    }
  },
  "thankyou": {
    "precision": 0.0,
    "recall": 0.0,
    "f1-score": 0.0,
    "support": 10,
    "confused_with": {
      "name": 7,
      "affirm": 2,
      "inform": 1
    }
  },
  "goodbye": {
    "precision": 0.0,
    "recall": 0.0,
    "f1-score": 0.0,
    "support": 6,
    "confused_with": {
      "affirm": 3,
      "name": 2,
      "inform": 1
    }
  },
  "name": {
    "precision": 0.5555555555555556,
    "recall": 0.7894736842105263,
    "f1-score": 0.6521739130434783,
    "support": 57,
    "confused_with": {
      "inform": 12
    }
  },
  "micro avg": {
    "precision": 0.42592592592592593,
    "recall": 0.42592592592592593,
    "f1-score": 0.42592592592592593,
    "support": 162
  },
  "macro avg": {
    "precision": 0.10763567882211951,
    "recall": 0.17187044534412957,
    "f1-score": 0.12929749142950428,
    "support": 162
  },
  "weighted avg": {
    "precision": 0.2779362995935501,
    "recall": 0.42592592592592593,
    "f1-score": 0.3312625080867993,
    "support": 162
  }
}