{
  "task_name": {
    "precision": 0.0,
    "recall": 0.0,
    "f1-score": 0.0,
    "support": 27
  },
  "org_id": {
    "precision": 0.0,
    "recall": 0.0,
    "f1-score": 0.0,
    "support": 2
  },
  "stream_name": {
    "precision": 0.0,
    "recall": 0.0,
    "f1-score": 0.0,
    "support": 23
  },
  "workspace_name": {
    "precision": 0.0,
    "recall": 0.0,
    "f1-score": 0.0,
    "support": 35
  },
  "workspace_description": {
    "precision": 0.0,
    "recall": 0.0,
    "f1-score": 0.0,
    "support": 36
  },
  "name": {
    "precision": 0.978494623655914,
    "recall": 0.7338709677419355,
    "f1-score": 0.8387096774193549,
    "support": 124
  },
  "micro avg": {
    "precision": 0.978494623655914,
    "recall": 0.3684210526315789,
    "f1-score": 0.5352941176470587,
    "support": 247
  },
  "macro avg": {
    "precision": 0.16308243727598568,
    "recall": 0.12231182795698925,
    "f1-score": 0.13978494623655915,
    "support": 247
  },
  "weighted avg": {
    "precision": 0.4912280701754386,
    "recall": 0.3684210526315789,
    "f1-score": 0.42105263157894735,
    "support": 247
  }
}