{
  "stop": {
    "precision": 0.3333333333333333,
    "recall": 0.6,
    "f1-score": 0.42857142857142855,
    "support": 5,
    "confused_with": {
      "affirm": 2
    }
  },
  "create_task": {
    "precision": 0.9,
    "recall": 1.0,
    "f1-score": 0.9473684210526316,
    "support": 9,
    "confused_with": {}
  },
  "inform": {
    "precision": 1.0,
    "recall": 0.7692307692307693,
    "f1-score": 0.8695652173913044,
    "support": 26,
    "confused_with": {
      "deny": 3,
      "affirm": 2
    }
  },
  "deny": {
    "precision": 0.5294117647058824,
    "recall": 1.0,
    "f1-score": 0.6923076923076924,
    "support": 9,
    "confused_with": {}
  },
  "mood_unhappy": {
    "precision": 0.3333333333333333,
    "recall": 0.5,
    "f1-score": 0.4,
    "support": 2,
    "confused_with": {
      "affirm": 1
    }
  },
  "affirm": {
    "precision": 0.6,
    "recall": 0.6,
    "f1-score": 0.6,
    "support": 25,
    "confused_with": {
      "stop": 4,
      "thankyou": 2
    }
  },
  "greet": {
    "precision": 1.0,
    "recall": 0.7692307692307693,
    "f1-score": 0.8695652173913044,
    "support": 13,
    "confused_with": {
      "name": 2,
      "affirm": 1
    }
  },
  "thankyou": {
    "precision": 0.7777777777777778,
    "recall": 0.7,
    "f1-score": 0.7368421052631577,
    "support": 10,
    "confused_with": {
      "stop": 1,
      "deny": 1
    }
  },
  "goodbye": {
    "precision": 0.8333333333333334,
    "recall": 0.8333333333333334,
    "f1-score": 0.8333333333333334,
    "support": 6,
    "confused_with": {
      "stop": 1
    }
  },
  "name": {
    "precision": 0.9622641509433962,
    "recall": 0.8947368421052632,
    "f1-score": 0.9272727272727272,
    "support": 57,
    "confused_with": {
      "affirm": 3,
      "deny": 2
    }
  },
  "micro avg": {
    "precision": 0.8024691358024691,
    "recall": 0.8024691358024691,
    "f1-score": 0.8024691358024691,
    "support": 162
  },
  "macro avg": {
    "precision": 0.7269453693427057,
    "recall": 0.7666531713900134,
    "f1-score": 0.7304826142583579,
    "support": 162
  },
  "weighted avg": {
    "precision": 0.8445979851681334,
    "recall": 0.8024691358024691,
    "f1-score": 0.8138021737564072,
    "support": 162
  }
}