{
  "workspace_type": {
    "precision": 0.0,
    "recall": 0.0,
    "f1-score": 0.0,
    "support": 2
  },
  "task_name": {
    "precision": 1.0,
    "recall": 0.5151515151515151,
    "f1-score": 0.6799999999999999,
    "support": 33
  },
  "org_id": {
    "precision": 0.0,
    "recall": 0.0,
    "f1-score": 0.0,
    "support": 1
  },
  "stream_id": {
    "precision": 0.0,
    "recall": 0.0,
    "f1-score": 0.0,
    "support": 1
  },
  "stream_name": {
    "precision": 0.0,
    "recall": 0.0,
    "f1-score": 0.0,
    "support": 15
  },
  "workspace_name": {
    "precision": 0.7058823529411765,
    "recall": 0.5,
    "f1-score": 0.5853658536585366,
    "support": 48
  },
  "workspace_description": {
    "precision": 0.5769230769230769,
    "recall": 0.5555555555555556,
    "f1-score": 0.5660377358490566,
    "support": 27
  },
  "name": {
    "precision": 0.9553571428571429,
    "recall": 0.8842975206611571,
    "f1-score": 0.9184549356223176,
    "support": 121
  },
  "micro avg": {
    "precision": 0.8316326530612245,
    "recall": 0.657258064516129,
    "f1-score": 0.7342342342342341,
    "support": 248
  },
  "macro avg": {
    "precision": 0.40477032159017456,
    "recall": 0.3068755739210285,
    "f1-score": 0.34373231564123885,
    "support": 248
  },
  "weighted avg": {
    "precision": 0.7986189125153784,
    "recall": 0.657258064516129,
    "f1-score": 0.7135226897332044,
    "support": 248
  }
}