{
  "create_task": {
    "precision": 1.0,
    "recall": 1.0,
    "f1-score": 1.0,
    "support": 9,
    "confused_with": {}
  },
  "thankyou": {
    "precision": 0.6666666666666666,
    "recall": 1.0,
    "f1-score": 0.8,
    "support": 10,
    "confused_with": {}
  },
  "deny": {
    "precision": 0.6,
    "recall": 0.3333333333333333,
    "f1-score": 0.42857142857142855,
    "support": 9,
    "confused_with": {
      "name": 3,
      "affirm": 2
    }
  },
  "greet": {
    "precision": 0.3333333333333333,
    "recall": 0.07692307692307693,
    "f1-score": 0.125,
    "support": 13,
    "confused_with": {
      "affirm": 6,
      "name": 5,
      "inform": 1
    }
  },
  "mood_unhappy": {
    "precision": 0.0,
    "recall": 0.0,
    "f1-score": 0.0,
    "support": 2,
    "confused_with": {
      "name": 1,
      "affirm": 1
    }
  },
  "goodbye": {
    "precision": 1.0,
    "recall": 0.5,
    "f1-score": 0.6666666666666666,
    "support": 6,
    "confused_with": {
      "thankyou": 2,
      "inform": 1
    }
  },
  "stop": {
    "precision": 0.3333333333333333,
    "recall": 0.4,
    "f1-score": 0.3636363636363636,
    "support": 5,
    "confused_with": {
      "thankyou": 1,
      "deny": 1
    }
  },
  "name": {
    "precision": 0.8125,
    "recall": 0.9122807017543859,
    "f1-score": 0.859504132231405,
    "support": 57,
    "confused_with": {
      "affirm": 5
    }
  },
  "inform": {
    "precision": 0.8666666666666667,
    "recall": 0.5,
    "f1-score": 0.6341463414634146,
    "support": 26,
    "confused_with": {
      "affirm": 8,
      "name": 2
    }
  },
  "affirm": {
    "precision": 0.4523809523809524,
    "recall": 0.76,
    "f1-score": 0.5671641791044777,
    "support": 25,
    "confused_with": {
      "stop": 2,
      "greet": 2
    }
  },
  "micro avg": {
    "precision": 0.691358024691358,
    "recall": 0.691358024691358,
    "f1-score": 0.691358024691358,
    "support": 162
  },
  "macro avg": {
    "precision": 0.6064880952380951,
    "recall": 0.5482537112010796,
    "f1-score": 0.5444689111673756,
    "support": 162
  },
  "weighted avg": {
    "precision": 0.6989013815402704,
    "recall": 0.691358024691358,
    "f1-score": 0.6664133923961449,
    "support": 162
  }
}