{
  "create_task": {
    "precision": 0.9,
    "recall": 1.0,
    "f1-score": 0.9473684210526316,
    "support": 9,
    "confused_with": {}
  },
  "thankyou": {
    "precision": 0.625,
    "recall": 1.0,
    "f1-score": 0.7692307692307693,
    "support": 10,
    "confused_with": {}
  },
  "deny": {
    "precision": 0.8,
    "recall": 0.4444444444444444,
    "f1-score": 0.5714285714285714,
    "support": 9,
    "confused_with": {
      "stop": 3,
      "thankyou": 1
    }
  },
  "greet": {
    "precision": 0.9230769230769231,
    "recall": 0.9230769230769231,
    "f1-score": 0.9230769230769231,
    "support": 13,
    "confused_with": {
      "mood_unhappy": 1
    }
  },
  "mood_unhappy": {
    "precision": 0.5,
    "recall": 1.0,
    "f1-score": 0.6666666666666666,
    "support": 2,
    "confused_with": {}
  },
  "goodbye": {
    "precision": 0.6,
    "recall": 0.5,
    "f1-score": 0.5454545454545454,
    "support": 6,
    "confused_with": {
      "thankyou": 2,
      "affirm": 1
    }
  },
  "stop": {
    "precision": 0.5,
    "recall": 0.8,
    "f1-score": 0.6153846153846154,
    "support": 5,
    "confused_with": {
      "deny": 1
    }
  },
  "name": {
    "precision": 0.9818181818181818,
    "recall": 0.9473684210526315,
    "f1-score": 0.9642857142857142,
    "support": 57,
    "confused_with": {
      "affirm": 2,
      "mood_unhappy": 1
    }
  },
  "inform": {
    "precision": 1.0,
    "recall": 0.7307692307692307,
    "f1-score": 0.8444444444444443,
    "support": 26,
    "confused_with": {
      "thankyou": 2,
      "goodbye": 2
    }
  },
  "affirm": {
    "precision": 0.8148148148148148,
    "recall": 0.88,
    "f1-score": 0.8461538461538461,
    "support": 25,
    "confused_with": {
      "thankyou": 1,
      "stop": 1
    }
  },
  "micro avg": {
    "precision": 0.8580246913580247,
    "recall": 0.8580246913580247,
    "f1-score": 0.8580246913580247,
    "support": 162
  },
  "macro avg": {
    "precision": 0.764470991970992,
    "recall": 0.822565901934323,
    "f1-score": 0.7693494517178727,
    "support": 162
  },
  "weighted avg": {
    "precision": 0.8826173255185601,
    "recall": 0.8580246913580247,
    "f1-score": 0.8587540230327754,
    "support": 162
  }
}