{
  "workspace_type": {
    "precision": 0.0,
    "recall": 0.0,
    "f1-score": 0.0,
    "support": 2
  },
  "task_name": {
    "precision": 0.0,
    "recall": 0.0,
    "f1-score": 0.0,
    "support": 33
  },
  "org_id": {
    "precision": 0.0,
    "recall": 0.0,
    "f1-score": 0.0,
    "support": 1
  },
  "stream_id": {
    "precision": 0.0,
    "recall": 0.0,
    "f1-score": 0.0,
    "support": 1
  },
  "stream_name": {
    "precision": 0.0,
    "recall": 0.0,
    "f1-score": 0.0,
    "support": 15
  },
  "workspace_name": {
    "precision": 0.0,
    "recall": 0.0,
    "f1-score": 0.0,
    "support": 45
  },
  "workspace_description": {
    "precision": 0.0,
    "recall": 0.0,
    "f1-score": 0.0,
    "support": 27
  },
  "name": {
    "precision": 0.8666666666666667,
    "recall": 0.13131313131313133,
    "f1-score": 0.22807017543859653,
    "support": 99
  },
  "micro avg": {
    "precision": 0.8666666666666667,
    "recall": 0.05829596412556054,
    "f1-score": 0.10924369747899161,
    "support": 223
  },
  "macro avg": {
    "precision": 0.10833333333333334,
    "recall": 0.016414141414141416,
    "f1-score": 0.028508771929824567,
    "support": 223
  },
  "weighted avg": {
    "precision": 0.3847533632286995,
    "recall": 0.05829596412556055,
    "f1-score": 0.10125088506018412,
    "support": 223
  }
}