{
  "create_task": {
    "precision": 0.6923076923076923,
    "recall": 1.0,
    "f1-score": 0.8181818181818181,
    "support": 9,
    "confused_with": {}
  },
  "thankyou": {
    "precision": 0.5454545454545454,
    "recall": 0.6,
    "f1-score": 0.5714285714285713,
    "support": 10,
    "confused_with": {
      "deny": 3,
      "mood_unhappy": 1
    }
  },
  "deny": {
    "precision": 0.12962962962962962,
    "recall": 0.7777777777777778,
    "f1-score": 0.2222222222222222,
    "support": 9,
    "confused_with": {
      "name": 1,
      "create_task": 1
    }
  },
  "greet": {
    "precision": 1.0,
    "recall": 0.23076923076923078,
    "f1-score": 0.375,
    "support": 13,
    "confused_with": {
      "deny": 7,
      "stop": 1
    }
  },
  "mood_unhappy": {
    "precision": 0.0,
    "recall": 0.0,
    "f1-score": 0.0,
    "support": 2,
    "confused_with": {
      "name": 1,
      "deny": 1
    }
  },
  "goodbye": {
    "precision": 0.0,
    "recall": 0.0,
    "f1-score": 0.0,
    "support": 6,
    "confused_with": {
      "deny": 3,
      "name": 2,
      "create_task": 1
    }
  },
  "stop": {
    "precision": 0.2857142857142857,
    "recall": 0.4,
    "f1-score": 0.3333333333333333,
    "support": 5,
    "confused_with": {
      "deny": 3
    }
  },
  "name": {
    "precision": 0.8095238095238095,
    "recall": 0.8947368421052632,
    "f1-score": 0.8500000000000001,
    "support": 57,
    "confused_with": {
      "deny": 5,
      "create_task": 1
    }
  },
  "inform": {
    "precision": 1.0,
    "recall": 0.15384615384615385,
    "f1-score": 0.2666666666666667,
    "support": 26,
    "confused_with": {
      "deny": 11,
      "name": 5
    }
  },
  "affirm": {
    "precision": 1.0,
    "recall": 0.12,
    "f1-score": 0.21428571428571425,
    "support": 25,
    "confused_with": {
      "deny": 14,
      "thankyou": 4
    }
  },
  "micro avg": {
    "precision": 0.5246913580246914,
    "recall": 0.5246913580246914,
    "f1-score": 0.5246913580246914,
    "support": 162
  },
  "macro avg": {
    "precision": 0.5462629962629963,
    "recall": 0.41771300044984255,
    "f1-score": 0.36511183261183267,
    "support": 162
  },
  "weighted avg": {
    "precision": 0.7680457402679626,
    "recall": 0.5246913580246914,
    "f1-score": 0.5083954625621293,
    "support": 162
  }
}