{
  "create_task": {
    "precision": 0.8181818181818182,
    "recall": 1.0,
    "f1-score": 0.9,
    "support": 9,
    "confused_with": {}
  },
  "thankyou": {
    "precision": 0.7692307692307693,
    "recall": 1.0,
    "f1-score": 0.8695652173913044,
    "support": 10,
    "confused_with": {}
  },
  "deny": {
    "precision": 0.7,
    "recall": 0.7777777777777778,
    "f1-score": 0.7368421052631577,
    "support": 9,
    "confused_with": {
      "stop": 1,
      "affirm": 1
    }
  },
  "greet": {
    "precision": 0.9166666666666666,
    "recall": 0.8461538461538461,
    "f1-score": 0.8799999999999999,
    "support": 13,
    "confused_with": {
      "affirm": 2
    }
  },
  "mood_unhappy": {
    "precision": 0.0,
    "recall": 0.0,
    "f1-score": 0.0,
    "support": 2,
    "confused_with": {
      "stop": 1,
      "affirm": 1
    }
  },
  "goodbye": {
    "precision": 1.0,
    "recall": 0.3333333333333333,
    "f1-score": 0.5,
    "support": 6,
    "confused_with": {
      "thankyou": 2,
      "affirm": 2
    }
  },
  "stop": {
    "precision": 0.5,
    "recall": 0.8,
    "f1-score": 0.6153846153846154,
    "support": 5,
    "confused_with": {
      "deny": 1
    }
  },
  "name": {
    "precision": 0.9814814814814815,
    "recall": 0.9298245614035088,
    "f1-score": 0.954954954954955,
    "support": 57,
    "confused_with": {
      "affirm": 4
    }
  },
  "inform": {
    "precision": 1.0,
    "recall": 0.5769230769230769,
    "f1-score": 0.7317073170731707,
    "support": 26,
    "confused_with": {
      "affirm": 5,
      "deny": 2
    }
  },
  "affirm": {
    "precision": 0.5833333333333334,
    "recall": 0.84,
    "f1-score": 0.6885245901639344,
    "support": 25,
    "confused_with": {
      "stop": 2,
      "thankyou": 1
    }
  },
  "micro avg": {
    "precision": 0.8148148148148148,
    "recall": 0.8148148148148148,
    "f1-score": 0.8148148148148148,
    "support": 162
  },
  "macro avg": {
    "precision": 0.7268894068894068,
    "recall": 0.7104012595591543,
    "f1-score": 0.6876978800231138,
    "support": 162
  },
  "weighted avg": {
    "precision": 0.85370610185425,
    "recall": 0.8148148148148148,
    "f1-score": 0.8124326643743074,
    "support": 162
  }
}