{
  "workspace_type": {
    "precision": 0.0,
    "recall": 0.0,
    "f1-score": 0.0,
    "support": 2
  },
  "task_name": {
    "precision": 0.0,
    "recall": 0.0,
    "f1-score": 0.0,
    "support": 33
  },
  "org_id": {
    "precision": 0.0,
    "recall": 0.0,
    "f1-score": 0.0,
    "support": 1
  },
  "stream_id": {
    "precision": 0.0,
    "recall": 0.0,
    "f1-score": 0.0,
    "support": 1
  },
  "stream_name": {
    "precision": 0.0,
    "recall": 0.0,
    "f1-score": 0.0,
    "support": 15
  },
  "workspace_name": {
    "precision": 1.0,
    "recall": 0.15555555555555556,
    "f1-score": 0.2692307692307693,
    "support": 45
  },
  "workspace_description": {
    "precision": 1.0,
    "recall": 0.3333333333333333,
    "f1-score": 0.5,
    "support": 27
  },
  "name": {
    "precision": 0.8351648351648352,
    "recall": 0.7676767676767676,
    "f1-score": 0.8,
    "support": 99
  },
  "micro avg": {
    "precision": 0.8598130841121495,
    "recall": 0.4125560538116592,
    "f1-score": 0.5575757575757576,
    "support": 223
  },
  "macro avg": {
    "precision": 0.3543956043956044,
    "recall": 0.15707070707070708,
    "f1-score": 0.19615384615384618,
    "support": 223
  },
  "weighted avg": {
    "precision": 0.6936382003646577,
    "recall": 0.4125560538116592,
    "f1-score": 0.47002414625733013,
    "support": 223
  }
}