{
  "stop": {
    "precision": 0.5714285714285714,
    "recall": 0.8,
    "f1-score": 0.6666666666666666,
    "support": 5,
    "confused_with": {
      "deny": 1
    }
  },
  "create_task": {
    "precision": 0.9,
    "recall": 1.0,
    "f1-score": 0.9473684210526316,
    "support": 9,
    "confused_with": {}
  },
  "inform": {
    "precision": 0.9523809523809523,
    "recall": 0.7692307692307693,
    "f1-score": 0.8510638297872339,
    "support": 26,
    "confused_with": {
      "affirm": 3,
      "greet": 1
    }
  },
  "deny": {
    "precision": 0.7777777777777778,
    "recall": 0.7777777777777778,
    "f1-score": 0.7777777777777778,
    "support": 9,
    "confused_with": {
      "affirm": 2
    }
  },
  "mood_unhappy": {
    "precision": 1.0,
    "recall": 0.5,
    "f1-score": 0.6666666666666666,
    "support": 2,
    "confused_with": {
      "affirm": 1
    }
  },
  "affirm": {
    "precision": 0.5666666666666667,
    "recall": 0.68,
    "f1-score": 0.6181818181818183,
    "support": 25,
    "confused_with": {
      "thankyou": 2,
      "name": 2
    }
  },
  "greet": {
    "precision": 0.8181818181818182,
    "recall": 0.6923076923076923,
    "f1-score": 0.7500000000000001,
    "support": 13,
    "confused_with": {
      "affirm": 2,
      "stop": 1
    }
  },
  "thankyou": {
    "precision": 0.7777777777777778,
    "recall": 0.7,
    "f1-score": 0.7368421052631577,
    "support": 10,
    "confused_with": {
      "affirm": 2,
      "stop": 1
    }
  },
  "goodbye": {
    "precision": 0.7142857142857143,
    "recall": 0.8333333333333334,
    "f1-score": 0.7692307692307692,
    "support": 6,
    "confused_with": {
      "affirm": 1
    }
  },
  "name": {
    "precision": 0.9473684210526315,
    "recall": 0.9473684210526315,
    "f1-score": 0.9473684210526315,
    "support": 57,
    "confused_with": {
      "affirm": 2,
      "greet": 1
    }
  },
  "micro avg": {
    "precision": 0.8209876543209876,
    "recall": 0.8209876543209876,
    "f1-score": 0.8209876543209876,
    "support": 162
  },
  "macro avg": {
    "precision": 0.802586769955191,
    "recall": 0.7700017993702205,
    "f1-score": 0.7731166475679354,
    "support": 162
  },
  "weighted avg": {
    "precision": 0.8369479628738887,
    "recall": 0.8209876543209876,
    "f1-score": 0.8241295873652474,
    "support": 162
  }
}