{
  "create_task": {
    "precision": 0.6923076923076923,
    "recall": 1.0,
    "f1-score": 0.8181818181818181,
    "support": 9,
    "confused_with": {}
  },
  "thankyou": {
    "precision": 0.45454545454545453,
    "recall": 0.5,
    "f1-score": 0.47619047619047616,
    "support": 10,
    "confused_with": {
      "greet": 5
    }
  },
  "deny": {
    "precision": 0.6666666666666666,
    "recall": 0.2222222222222222,
    "f1-score": 0.3333333333333333,
    "support": 9,
    "confused_with": {
      "name": 2,
      "affirm": 2
    }
  },
  "greet": {
    "precision": 0.2608695652173913,
    "recall": 0.46153846153846156,
    "f1-score": 0.33333333333333337,
    "support": 13,
    "confused_with": {
      "goodbye": 3,
      "inform": 2
    }
  },
  "mood_unhappy": {
    "precision": 0.0,
    "recall": 0.0,
    "f1-score": 0.0,
    "support": 2,
    "confused_with": {
      "name": 1,
      "goodbye": 1
    }
  },
  "goodbye": {
    "precision": 0.11764705882352941,
    "recall": 0.3333333333333333,
    "f1-score": 0.1739130434782609,
    "support": 6,
    "confused_with": {
      "greet": 3,
      "stop": 1
    }
  },
  "stop": {
    "precision": 0.0,
    "recall": 0.0,
    "f1-score": 0.0,
    "support": 5,
    "confused_with": {
      "inform": 3,
      "greet": 2
    }
  },
  "name": {
    "precision": 0.7083333333333334,
    "recall": 0.8947368421052632,
    "f1-score": 0.7906976744186046,
    "support": 57,
    "confused_with": {
      "goodbye": 2,
      "thankyou": 1
    }
  },
  "inform": {
    "precision": 0.4444444444444444,
    "recall": 0.15384615384615385,
    "f1-score": 0.2285714285714286,
    "support": 26,
    "confused_with": {
      "name": 9,
      "goodbye": 5
    }
  },
  "affirm": {
    "precision": 0.5555555555555556,
    "recall": 0.2,
    "f1-score": 0.29411764705882354,
    "support": 25,
    "confused_with": {
      "name": 8,
      "thankyou": 3
    }
  },
  "micro avg": {
    "precision": 0.5185185185185185,
    "recall": 0.5185185185185185,
    "f1-score": 0.5185185185185185,
    "support": 162
  },
  "macro avg": {
    "precision": 0.3900369770894067,
    "recall": 0.3765677013045435,
    "f1-score": 0.3448338754566079,
    "support": 162
  },
  "weighted avg": {
    "precision": 0.5351410797619475,
    "recall": 0.5185185185185185,
    "f1-score": 0.48683900296871746,
    "support": 162
  }
}