{
  "stop": {
    "precision": 0.0,
    "recall": 0.0,
    "f1-score": 0.0,
    "support": 5,
    "confused_with": {
      "affirm": 5
    }
  },
  "create_task": {
    "precision": 1.0,
    "recall": 1.0,
    "f1-score": 1.0,
    "support": 9,
    "confused_with": {}
  },
  "inform": {
    "precision": 0.9629629629629629,
    "recall": 1.0,
    "f1-score": 0.9811320754716981,
    "support": 26,
    "confused_with": {}
  },
  "deny": {
    "precision": 1.0,
    "recall": 0.3333333333333333,
    "f1-score": 0.5,
    "support": 9,
    "confused_with": {
      "affirm": 5,
      "greet": 1
    }
  },
  "mood_unhappy": {
    "precision": 0.0,
    "recall": 0.0,
    "f1-score": 0.0,
    "support": 2,
    "confused_with": {
      "affirm": 2
    }
  },
  "affirm": {
    "precision": 0.5,
    "recall": 0.8,
    "f1-score": 0.6153846153846154,
    "support": 25,
    "confused_with": {
      "greet": 2,
      "thankyou": 1
    }
  },
  "greet": {
    "precision": 0.46153846153846156,
    "recall": 0.46153846153846156,
    "f1-score": 0.46153846153846156,
    "support": 13,
    "confused_with": {
      "affirm": 5,
      "name": 1
    }
  },
  "thankyou": {
    "precision": 0.7777777777777778,
    "recall": 0.7,
    "f1-score": 0.7368421052631577,
    "support": 10,
    "confused_with": {
      "affirm": 2,
      "inform": 1
    }
  },
  "goodbye": {
    "precision": 0.6666666666666666,
    "recall": 0.6666666666666666,
    "f1-score": 0.6666666666666666,
    "support": 6,
    "confused_with": {
      "thankyou": 1,
      "affirm": 1
    }
  },
  "name": {
    "precision": 0.9629629629629629,
    "recall": 0.9122807017543859,
    "f1-score": 0.9369369369369369,
    "support": 57,
    "confused_with": {
      "greet": 4,
      "goodbye": 1
    }
  },
  "micro avg": {
    "precision": 0.7839506172839507,
    "recall": 0.7839506172839507,
    "f1-score": 0.7839506172839507,
    "support": 162
  },
  "macro avg": {
    "precision": 0.6331908831908832,
    "recall": 0.5873819163292848,
    "f1-score": 0.5898500861261537,
    "support": 162
  },
  "weighted avg": {
    "precision": 0.7913808870598994,
    "recall": 0.7839506172839507,
    "f1-score": 0.7726412086723242,
    "support": 162
  }
}