{
  "create_task": {
    "precision": 0.9,
    "recall": 1.0,
    "f1-score": 0.9473684210526316,
    "support": 9,
    "confused_with": {}
  },
  "thankyou": {
    "precision": 0.8333333333333334,
    "recall": 1.0,
    "f1-score": 0.9090909090909091,
    "support": 10,
    "confused_with": {}
  },
  "deny": {
    "precision": 0.5555555555555556,
    "recall": 0.5555555555555556,
    "f1-score": 0.5555555555555556,
    "support": 9,
    "confused_with": {
      "affirm": 3,
      "stop": 1
    }
  },
  "greet": {
    "precision": 0.8181818181818182,
    "recall": 0.6923076923076923,
    "f1-score": 0.7500000000000001,
    "support": 13,
    "confused_with": {
      "goodbye": 2,
      "affirm": 2
    }
  },
  "mood_unhappy": {
    "precision": 1.0,
    "recall": 0.5,
    "f1-score": 0.6666666666666666,
    "support": 2,
    "confused_with": {
      "deny": 1
    }
  },
  "goodbye": {
    "precision": 0.5,
    "recall": 0.6666666666666666,
    "f1-score": 0.5714285714285715,
    "support": 6,
    "confused_with": {
      "affirm": 2
    }
  },
  "stop": {
    "precision": 0.42857142857142855,
    "recall": 0.6,
    "f1-score": 0.5,
    "support": 5,
    "confused_with": {
      "deny": 2
    }
  },
  "name": {
    "precision": 0.9818181818181818,
    "recall": 0.9473684210526315,
    "f1-score": 0.9642857142857142,
    "support": 57,
    "confused_with": {
      "greet": 2,
      "deny": 1
    }
  },
  "inform": {
    "precision": 1.0,
    "recall": 0.8076923076923077,
    "f1-score": 0.8936170212765957,
    "support": 26,
    "confused_with": {
      "stop": 3,
      "create_task": 1
    }
  },
  "affirm": {
    "precision": 0.7142857142857143,
    "recall": 0.8,
    "f1-score": 0.7547169811320756,
    "support": 25,
    "confused_with": {
      "thankyou": 2,
      "goodbye": 2
    }
  },
  "micro avg": {
    "precision": 0.8395061728395061,
    "recall": 0.8395061728395061,
    "f1-score": 0.8395061728395061,
    "support": 162
  },
  "macro avg": {
    "precision": 0.7731746031746032,
    "recall": 0.7569590643274854,
    "f1-score": 0.751272984048872,
    "support": 162
  },
  "weighted avg": {
    "precision": 0.8582304526748971,
    "recall": 0.8395061728395061,
    "f1-score": 0.8437986570251026,
    "support": 162
  }
}