{
  "task_name": {
    "precision": 0.0,
    "recall": 0.0,
    "f1-score": 0.0,
    "support": 27
  },
  "org_id": {
    "precision": 0.0,
    "recall": 0.0,
    "f1-score": 0.0,
    "support": 2
  },
  "stream_name": {
    "precision": 0.0,
    "recall": 0.0,
    "f1-score": 0.0,
    "support": 23
  },
  "workspace_name": {
    "precision": 0.5789473684210527,
    "recall": 0.3548387096774194,
    "f1-score": 0.44000000000000006,
    "support": 31
  },
  "workspace_description": {
    "precision": 1.0,
    "recall": 0.14705882352941177,
    "f1-score": 0.25641025641025644,
    "support": 34
  },
  "name": {
    "precision": 0.9545454545454546,
    "recall": 0.8936170212765957,
    "f1-score": 0.9230769230769231,
    "support": 94
  },
  "micro avg": {
    "precision": 0.8547008547008547,
    "recall": 0.47393364928909953,
    "f1-score": 0.6097560975609755,
    "support": 211
  },
  "macro avg": {
    "precision": 0.4222488038277512,
    "recall": 0.23258575908057114,
    "f1-score": 0.26991452991452997,
    "support": 211
  },
  "weighted avg": {
    "precision": 0.6714437969114946,
    "recall": 0.47393364928909953,
    "f1-score": 0.5171904241098554,
    "support": 211
  }
}