{
  "stop": {
    "precision": 0.6666666666666666,
    "recall": 0.8,
    "f1-score": 0.7272727272727272,
    "support": 5,
    "confused_with": {
      "deny": 1
    }
  },
  "create_task": {
    "precision": 0.9,
    "recall": 1.0,
    "f1-score": 0.9473684210526316,
    "support": 9,
    "confused_with": {}
  },
  "inform": {
    "precision": 1.0,
    "recall": 0.8076923076923077,
    "f1-score": 0.8936170212765957,
    "support": 26,
    "confused_with": {
      "deny": 2,
      "stop": 1
    }
  },
  "deny": {
    "precision": 0.75,
    "recall": 1.0,
    "f1-score": 0.8571428571428571,
    "support": 9,
    "confused_with": {}
  },
  "mood_unhappy": {
    "precision": 1.0,
    "recall": 0.5,
    "f1-score": 0.6666666666666666,
    "support": 2,
    "confused_with": {
      "affirm": 1
    }
  },
  "affirm": {
    "precision": 0.7931034482758621,
    "recall": 0.92,
    "f1-score": 0.851851851851852,
    "support": 25,
    "confused_with": {
      "stop": 1,
      "greet": 1
    }
  },
  "greet": {
    "precision": 0.8333333333333334,
    "recall": 0.7692307692307693,
    "f1-score": 0.8,
    "support": 13,
    "confused_with": {
      "affirm": 3
    }
  },
  "thankyou": {
    "precision": 0.9090909090909091,
    "recall": 1.0,
    "f1-score": 0.9523809523809523,
    "support": 10,
    "confused_with": {}
  },
  "goodbye": {
    "precision": 1.0,
    "recall": 1.0,
    "f1-score": 1.0,
    "support": 6,
    "confused_with": {}
  },
  "name": {
    "precision": 1.0,
    "recall": 0.9473684210526315,
    "f1-score": 0.972972972972973,
    "support": 57,
    "confused_with": {
      "thankyou": 1,
      "greet": 1
    }
  },
  "micro avg": {
    "precision": 0.9074074074074074,
    "recall": 0.9074074074074074,
    "f1-score": 0.9074074074074074,
    "support": 162
  },
  "macro avg": {
    "precision": 0.8852194357366769,
    "recall": 0.8744291497975709,
    "f1-score": 0.8669273470617256,
    "support": 162
  },
  "weighted avg": {
    "precision": 0.9193528516325451,
    "recall": 0.9074074074074074,
    "f1-score": 0.9081722611494638,
    "support": 162
  }
}