{
  "task_name": {
    "precision": 0.0,
    "recall": 0.0,
    "f1-score": 0.0,
    "support": 36
  },
  "task_priority": {
    "precision": 0.0,
    "recall": 0.0,
    "f1-score": 0.0,
    "support": 1
  },
  "stream_name": {
    "precision": 0.0,
    "recall": 0.0,
    "f1-score": 0.0,
    "support": 33
  },
  "workspace_name": {
    "precision": 0.0,
    "recall": 0.0,
    "f1-score": 0.0,
    "support": 29
  },
  "ws_id": {
    "precision": 0.0,
    "recall": 0.0,
    "f1-score": 0.0,
    "support": 1
  },
  "workspace_description": {
    "precision": 0.0,
    "recall": 0.0,
    "f1-score": 0.0,
    "support": 34
  },
  "name": {
    "precision": 0.98,
    "recall": 0.7903225806451613,
    "f1-score": 0.8749999999999999,
    "support": 124
  },
  "micro avg": {
    "precision": 0.98,
    "recall": 0.3798449612403101,
    "f1-score": 0.547486033519553,
    "support": 258
  },
  "macro avg": {
    "precision": 0.13999999999999999,
    "recall": 0.11290322580645161,
    "f1-score": 0.12499999999999999,
    "support": 258
  },
  "weighted avg": {
    "precision": 0.4710077519379845,
    "recall": 0.3798449612403101,
    "f1-score": 0.4205426356589147,
    "support": 258
  }
}