{
  "stream_name": {
    "precision": 0.0,
    "recall": 0.0,
    "f1-score": 0.0,
    "support": 23
  },
  "org_id": {
    "precision": 0.0,
    "recall": 0.0,
    "f1-score": 0.0,
    "support": 1
  },
  "name": {
    "precision": 0.7708333333333334,
    "recall": 0.37,
    "f1-score": 0.5,
    "support": 100
  },
  "workspace_name": {
    "precision": 1.0,
    "recall": 0.16666666666666666,
    "f1-score": 0.2857142857142857,
    "support": 30
  },
  "workspace_description": {
    "precision": 0.0,
    "recall": 0.0,
    "f1-score": 0.0,
    "support": 21
  },
  "stream_id": {
    "precision": 0.0,
    "recall": 0.0,
    "f1-score": 0.0,
    "support": 1
  },
  "task_name": {
    "precision": 0.0,
    "recall": 0.0,
    "f1-score": 0.0,
    "support": 29
  },
  "micro avg": {
    "precision": 0.7924528301886793,
    "recall": 0.2048780487804878,
    "f1-score": 0.32558139534883723,
    "support": 205
  },
  "macro avg": {
    "precision": 0.2529761904761905,
    "recall": 0.07666666666666666,
    "f1-score": 0.11224489795918367,
    "support": 205
  },
  "weighted avg": {
    "precision": 0.5223577235772359,
    "recall": 0.2048780487804878,
    "f1-score": 0.2857142857142857,
    "support": 205
  }
}