{
  "create_task": {
    "precision": 1.0,
    "recall": 0.7777777777777778,
    "f1-score": 0.8750000000000001,
    "support": 9,
    "confused_with": {
      "deny": 2
    }
  },
  "thankyou": {
    "precision": 0.8888888888888888,
    "recall": 0.8,
    "f1-score": 0.8421052631578948,
    "support": 10,
    "confused_with": {
      "affirm": 2
    }
  },
  "deny": {
    "precision": 0.3333333333333333,
    "recall": 0.6666666666666666,
    "f1-score": 0.4444444444444444,
    "support": 9,
    "confused_with": {
      "affirm": 2,
      "thankyou": 1
    }
  },
  "greet": {
    "precision": 0.8888888888888888,
    "recall": 0.6153846153846154,
    "f1-score": 0.7272727272727274,
    "support": 13,
    "confused_with": {
      "inform": 2,
      "affirm": 2
    }
  },
  "mood_unhappy": {
    "precision": 0.0,
    "recall": 0.0,
    "f1-score": 0.0,
    "support": 2,
    "confused_with": {
      "inform": 1,
      "affirm": 1
    }
  },
  "goodbye": {
    "precision": 0.0,
    "recall": 0.0,
    "f1-score": 0.0,
    "support": 6,
    "confused_with": {
      "affirm": 3,
      "inform": 1,
      "greet": 1
    }
  },
  "stop": {
    "precision": 0.25,
    "recall": 0.2,
    "f1-score": 0.22222222222222224,
    "support": 5,
    "confused_with": {
      "deny": 2,
      "affirm": 2
    }
  },
  "name": {
    "precision": 0.9791666666666666,
    "recall": 0.8245614035087719,
    "f1-score": 0.8952380952380952,
    "support": 57,
    "confused_with": {
      "affirm": 9,
      "deny": 1
    }
  },
  "inform": {
    "precision": 0.7272727272727273,
    "recall": 0.6153846153846154,
    "f1-score": 0.6666666666666667,
    "support": 26,
    "confused_with": {
      "affirm": 8,
      "stop": 1
    }
  },
  "affirm": {
    "precision": 0.32558139534883723,
    "recall": 0.56,
    "f1-score": 0.411764705882353,
    "support": 25,
    "confused_with": {
      "deny": 6,
      "stop": 2
    }
  },
  "micro avg": {
    "precision": 0.6604938271604939,
    "recall": 0.6604938271604939,
    "f1-score": 0.6604938271604939,
    "support": 162
  },
  "macro avg": {
    "precision": 0.5393131900399342,
    "recall": 0.5059775078722447,
    "f1-score": 0.5084714124884404,
    "support": 162
  },
  "weighted avg": {
    "precision": 0.7194788286250388,
    "recall": 0.6604938271604939,
    "f1-score": 0.6760353802851797,
    "support": 162
  }
}