{
  "task_name": {
    "precision": 1.0,
    "recall": 0.16666666666666666,
    "f1-score": 0.2857142857142857,
    "support": 36
  },
  "task_priority": {
    "precision": 0.0,
    "recall": 0.0,
    "f1-score": 0.0,
    "support": 1
  },
  "stream_name": {
    "precision": 0.0,
    "recall": 0.0,
    "f1-score": 0.0,
    "support": 33
  },
  "workspace_name": {
    "precision": 0.375,
    "recall": 0.5172413793103449,
    "f1-score": 0.4347826086956522,
    "support": 29
  },
  "ws_id": {
    "precision": 0.0,
    "recall": 0.0,
    "f1-score": 0.0,
    "support": 1
  },
  "workspace_description": {
    "precision": 0.5652173913043478,
    "recall": 0.38235294117647056,
    "f1-score": 0.45614035087719296,
    "support": 34
  },
  "name": {
    "precision": 0.9655172413793104,
    "recall": 0.9032258064516129,
    "f1-score": 0.9333333333333333,
    "support": 124
  },
  "micro avg": {
    "precision": 0.7643979057591623,
    "recall": 0.5658914728682171,
    "f1-score": 0.6503340757238307,
    "support": 258
  },
  "macro avg": {
    "precision": 0.4151049475262369,
    "recall": 0.28135525622929924,
    "f1-score": 0.301424368374352,
    "support": 258
  },
  "weighted avg": {
    "precision": 0.7202191055634973,
    "recall": 0.5658914728682171,
    "f1-score": 0.5974283534924267,
    "support": 258
  }
}