{
  "stop": {
    "precision": 0.375,
    "recall": 0.6,
    "f1-score": 0.4615384615384615,
    "support": 5,
    "confused_with": {
      "deny": 1,
      "affirm": 1
    }
  },
  "create_task": {
    "precision": 0.9,
    "recall": 1.0,
    "f1-score": 0.9473684210526316,
    "support": 9,
    "confused_with": {}
  },
  "inform": {
    "precision": 1.0,
    "recall": 0.8076923076923077,
    "f1-score": 0.8936170212765957,
    "support": 26,
    "confused_with": {
      "affirm": 4,
      "create_task": 1
    }
  },
  "deny": {
    "precision": 0.8,
    "recall": 0.8888888888888888,
    "f1-score": 0.8421052631578948,
    "support": 9,
    "confused_with": {
      "stop": 1
    }
  },
  "mood_unhappy": {
    "precision": 0.5,
    "recall": 0.5,
    "f1-score": 0.5,
    "support": 2,
    "confused_with": {
      "affirm": 1
    }
  },
  "affirm": {
    "precision": 0.5588235294117647,
    "recall": 0.76,
    "f1-score": 0.6440677966101696,
    "support": 25,
    "confused_with": {
      "stop": 4,
      "mood_unhappy": 1
    }
  },
  "greet": {
    "precision": 0.8333333333333334,
    "recall": 0.7692307692307693,
    "f1-score": 0.8,
    "support": 13,
    "confused_with": {
      "affirm": 3
    }
  },
  "thankyou": {
    "precision": 1.0,
    "recall": 1.0,
    "f1-score": 1.0,
    "support": 10,
    "confused_with": {}
  },
  "goodbye": {
    "precision": 1.0,
    "recall": 1.0,
    "f1-score": 1.0,
    "support": 6,
    "confused_with": {}
  },
  "name": {
    "precision": 1.0,
    "recall": 0.8596491228070176,
    "f1-score": 0.9245283018867925,
    "support": 57,
    "confused_with": {
      "affirm": 6,
      "greet": 1
    }
  },
  "micro avg": {
    "precision": 0.8395061728395061,
    "recall": 0.8395061728395061,
    "f1-score": 0.8395061728395061,
    "support": 162
  },
  "macro avg": {
    "precision": 0.7967156862745098,
    "recall": 0.8185461088618983,
    "f1-score": 0.8013225265522547,
    "support": 162
  },
  "weighted avg": {
    "precision": 0.8764130961026387,
    "recall": 0.8395061728395061,
    "f1-score": 0.8509062107504936,
    "support": 162
  }
}