{
  "change_path": {
    "precision": 0.9230769230769231,
    "recall": 1.0,
    "f1-score": 0.9600000000000001,
    "support": 12,
    "confused_with": {}
  },
  "create_workspace": {
    "precision": 0.8888888888888888,
    "recall": 1.0,
    "f1-score": 0.9411764705882353,
    "support": 16,
    "confused_with": {}
  },
  "affirm": {
    "precision": 0.7516778523489933,
    "recall": 0.9032258064516129,
    "f1-score": 0.8205128205128206,
    "support": 124,
    "confused_with": {
      "greet": 4,
      "deny": 4
    }
  },
  "stop": {
    "precision": 0.7391304347826086,
    "recall": 0.68,
    "f1-score": 0.7083333333333334,
    "support": 25,
    "confused_with": {
      "deny": 5,
      "affirm": 2
    }
  },
  "create_task": {
    "precision": 0.9761904761904762,
    "recall": 1.0,
    "f1-score": 0.9879518072289156,
    "support": 41,
    "confused_with": {}
  },
  "mood_unhappy": {
    "precision": 0.8,
    "recall": 0.4,
    "f1-score": 0.5333333333333333,
    "support": 10,
    "confused_with": {
      "affirm": 5,
      "deny": 1
    }
  },
  "name": {
    "precision": 1.0,
    "recall": 0.9872340425531915,
    "f1-score": 0.9935760171306209,
    "support": 235,
    "confused_with": {
      "affirm": 2,
      "greet": 1
    }
  },
  "create_stream": {
    "precision": 0.9411764705882353,
    "recall": 1.0,
    "f1-score": 0.9696969696969697,
    "support": 16,
    "confused_with": {}
  },
  "thankyou": {
    "precision": 0.8936170212765957,
    "recall": 0.9130434782608695,
    "f1-score": 0.9032258064516129,
    "support": 46,
    "confused_with": {
      "affirm": 3,
      "stop": 1
    }
  },
  "inform": {
    "precision": 0.9722222222222222,
    "recall": 0.7291666666666666,
    "f1-score": 0.8333333333333333,
    "support": 48,
    "confused_with": {
      "affirm": 5,
      "create_workspace": 2
    }
  },
  "greet": {
    "precision": 0.8813559322033898,
    "recall": 0.8387096774193549,
    "f1-score": 0.859504132231405,
    "support": 62,
    "confused_with": {
      "affirm": 10
    }
  },
  "goodbye": {
    "precision": 1.0,
    "recall": 0.7666666666666667,
    "f1-score": 0.8679245283018869,
    "support": 30,
    "confused_with": {
      "affirm": 6,
      "greet": 1
    }
  },
  "deny": {
    "precision": 0.7555555555555555,
    "recall": 0.7727272727272727,
    "f1-score": 0.7640449438202247,
    "support": 44,
    "confused_with": {
      "affirm": 4,
      "stop": 3
    }
  },
  "accuracy": 0.8970380818053597,
  "macro avg": {
    "precision": 0.8863762905487607,
    "recall": 0.8454441239035103,
    "f1-score": 0.8571241150740533,
    "support": 709
  },
  "weighted avg": {
    "precision": 0.9037089630460532,
    "recall": 0.8970380818053597,
    "f1-score": 0.8961480624106756,
    "support": 709
  }
}