{
  "pretrained_embeddings_spacy": [
    [
      0.8806635974510371,
      0.8093368533754273,
      0.7726412086723242,
      0.66065631930785,
      0.23674913385058308
    ],
    [
      0.9041674841557688,
      0.8662649286682313,
      0.8462123754521416,
      0.7626492377774928,
      0.2937307240918147
    ],
    [
      0.838863915123936,
      0.8623385837945226,
      0.8202814899767873,
      0.619740209141161,
      0.3312625080867993
    ]
  ],
  "tensorflow_embeddings": [
    [
      0.9081722611494638,
      0.8509062107504936,
      0.8138021737564072,
      0.656959479871026,
      0.4539089711458133
    ],
    [
      0.8673940733924631,
      0.8286030137881989,
      0.8241295873652474,
      0.7338604705549763,
      0.5136108914682519
    ],
    [
      0.8485163029710673,
      0.8692507178215712,
      0.7604938895930656,
      0.7046502733033465,
      0.6047311497816124
    ]
  ]
}