{
  "task_name": {
    "precision": 0.0,
    "recall": 0.0,
    "f1-score": 0.0,
    "support": 27
  },
  "org_id": {
    "precision": 0.0,
    "recall": 0.0,
    "f1-score": 0.0,
    "support": 2
  },
  "stream_name": {
    "precision": 0.0,
    "recall": 0.0,
    "f1-score": 0.0,
    "support": 23
  },
  "workspace_name": {
    "precision": 0.5862068965517241,
    "recall": 0.4857142857142857,
    "f1-score": 0.53125,
    "support": 35
  },
  "workspace_description": {
    "precision": 1.0,
    "recall": 0.6944444444444444,
    "f1-score": 0.819672131147541,
    "support": 36
  },
  "name": {
    "precision": 0.9487179487179487,
    "recall": 0.8951612903225806,
    "f1-score": 0.921161825726141,
    "support": 124
  },
  "micro avg": {
    "precision": 0.8225806451612904,
    "recall": 0.6194331983805668,
    "f1-score": 0.7066974595842956,
    "support": 247
  },
  "macro avg": {
    "precision": 0.4224874742116122,
    "recall": 0.3458866700802185,
    "f1-score": 0.37868065947894697,
    "support": 247
  },
  "weighted avg": {
    "precision": 0.7050941984628987,
    "recall": 0.6194331983805668,
    "f1-score": 0.6571903364832103,
    "support": 247
  }
}