{
  "stop": {
    "precision": 0.0,
    "recall": 0.0,
    "f1-score": 0.0,
    "support": 5,
    "confused_with": {
      "affirm": 5
    }
  },
  "create_task": {
    "precision": 1.0,
    "recall": 1.0,
    "f1-score": 1.0,
    "support": 9,
    "confused_with": {}
  },
  "inform": {
    "precision": 1.0,
    "recall": 1.0,
    "f1-score": 1.0,
    "support": 26,
    "confused_with": {}
  },
  "deny": {
    "precision": 1.0,
    "recall": 0.4444444444444444,
    "f1-score": 0.6153846153846153,
    "support": 9,
    "confused_with": {
      "affirm": 4,
      "greet": 1
    }
  },
  "mood_unhappy": {
    "precision": 0.5,
    "recall": 0.5,
    "f1-score": 0.5,
    "support": 2,
    "confused_with": {
      "affirm": 1
    }
  },
  "affirm": {
    "precision": 0.5588235294117647,
    "recall": 0.76,
    "f1-score": 0.6440677966101696,
    "support": 25,
    "confused_with": {
      "greet": 2,
      "thankyou": 1
    }
  },
  "greet": {
    "precision": 0.5,
    "recall": 0.6153846153846154,
    "f1-score": 0.5517241379310345,
    "support": 13,
    "confused_with": {
      "affirm": 3,
      "name": 2
    }
  },
  "thankyou": {
    "precision": 0.8181818181818182,
    "recall": 0.9,
    "f1-score": 0.8571428571428572,
    "support": 10,
    "confused_with": {
      "affirm": 1
    }
  },
  "goodbye": {
    "precision": 1.0,
    "recall": 0.6666666666666666,
    "f1-score": 0.8,
    "support": 6,
    "confused_with": {
      "thankyou": 1,
      "affirm": 1
    }
  },
  "name": {
    "precision": 0.9454545454545454,
    "recall": 0.9122807017543859,
    "f1-score": 0.9285714285714285,
    "support": 57,
    "confused_with": {
      "greet": 5
    }
  },
  "micro avg": {
    "precision": 0.8148148148148148,
    "recall": 0.8148148148148148,
    "f1-score": 0.8148148148148148,
    "support": 162
  },
  "macro avg": {
    "precision": 0.7322459893048128,
    "recall": 0.6798776428250113,
    "f1-score": 0.6896890835640105,
    "support": 162
  },
  "weighted avg": {
    "precision": 0.8243414537532185,
    "recall": 0.8148148148148148,
    "f1-score": 0.8093368533754273,
    "support": 162
  }
}