{
  "task_name": {
    "precision": 1.0,
    "recall": 0.16666666666666666,
    "f1-score": 0.2857142857142857,
    "support": 36
  },
  "task_priority": {
    "precision": 0.0,
    "recall": 0.0,
    "f1-score": 0.0,
    "support": 1
  },
  "stream_name": {
    "precision": 0.0,
    "recall": 0.0,
    "f1-score": 0.0,
    "support": 33
  },
  "workspace_name": {
    "precision": 0.4418604651162791,
    "recall": 0.6551724137931034,
    "f1-score": 0.5277777777777777,
    "support": 29
  },
  "ws_id": {
    "precision": 0.0,
    "recall": 0.0,
    "f1-score": 0.0,
    "support": 1
  },
  "workspace_description": {
    "precision": 0.48148148148148145,
    "recall": 0.38235294117647056,
    "f1-score": 0.4262295081967213,
    "support": 34
  },
  "name": {
    "precision": 0.9743589743589743,
    "recall": 0.9193548387096774,
    "f1-score": 0.946058091286307,
    "support": 124
  },
  "micro avg": {
    "precision": 0.7638190954773869,
    "recall": 0.5891472868217055,
    "f1-score": 0.6652078774617068,
    "support": 258
  },
  "macro avg": {
    "precision": 0.41395727442239066,
    "recall": 0.30336383719227406,
    "f1-score": 0.31225423756787024,
    "support": 258
  },
  "weighted avg": {
    "precision": 0.7209489793769585,
    "recall": 0.5891472868217055,
    "f1-score": 0.6100553350366684,
    "support": 258
  }
}