{
  "stream_name": {
    "precision": 0.0,
    "recall": 0.0,
    "f1-score": 0.0,
    "support": 23
  },
  "org_id": {
    "precision": 0.0,
    "recall": 0.0,
    "f1-score": 0.0,
    "support": 1
  },
  "workspace_description": {
    "precision": 0.0,
    "recall": 0.0,
    "f1-score": 0.0,
    "support": 24
  },
  "name": {
    "precision": 0.9047619047619048,
    "recall": 0.5876288659793815,
    "f1-score": 0.7125,
    "support": 97
  },
  "workspace_name": {
    "precision": 1.0,
    "recall": 0.09090909090909091,
    "f1-score": 0.16666666666666669,
    "support": 44
  },
  "stream_id": {
    "precision": 0.0,
    "recall": 0.0,
    "f1-score": 0.0,
    "support": 1
  },
  "task_name": {
    "precision": 0.0,
    "recall": 0.0,
    "f1-score": 0.0,
    "support": 17
  },
  "micro avg": {
    "precision": 0.8472222222222222,
    "recall": 0.2946859903381642,
    "f1-score": 0.43727598566308234,
    "support": 207
  },
  "macro avg": {
    "precision": 0.27210884353741494,
    "recall": 0.09693399384121035,
    "f1-score": 0.1255952380952381,
    "support": 207
  },
  "weighted avg": {
    "precision": 0.6365309408787669,
    "recall": 0.2946859903381642,
    "f1-score": 0.36930354267310783,
    "support": 207
  }
}