{
  "create_task": {
    "precision": 0.9,
    "recall": 1.0,
    "f1-score": 0.9473684210526316,
    "support": 9,
    "confused_with": {}
  },
  "thankyou": {
    "precision": 0.5625,
    "recall": 0.9,
    "f1-score": 0.6923076923076923,
    "support": 10,
    "confused_with": {
      "deny": 1
    }
  },
  "deny": {
    "precision": 0.09090909090909091,
    "recall": 0.2222222222222222,
    "f1-score": 0.1290322580645161,
    "support": 9,
    "confused_with": {
      "stop": 2,
      "affirm": 2
    }
  },
  "greet": {
    "precision": 0.6153846153846154,
    "recall": 0.6153846153846154,
    "f1-score": 0.6153846153846154,
    "support": 13,
    "confused_with": {
      "affirm": 2,
      "name": 1
    }
  },
  "mood_unhappy": {
    "precision": 1.0,
    "recall": 0.5,
    "f1-score": 0.6666666666666666,
    "support": 2,
    "confused_with": {
      "affirm": 1
    }
  },
  "goodbye": {
    "precision": 0.5,
    "recall": 0.3333333333333333,
    "f1-score": 0.4,
    "support": 6,
    "confused_with": {
      "greet": 2,
      "affirm": 2
    }
  },
  "stop": {
    "precision": 0.6,
    "recall": 0.6,
    "f1-score": 0.6,
    "support": 5,
    "confused_with": {
      "thankyou": 1,
      "deny": 1
    }
  },
  "name": {
    "precision": 0.9122807017543859,
    "recall": 0.9122807017543859,
    "f1-score": 0.9122807017543859,
    "support": 57,
    "confused_with": {
      "deny": 3,
      "greet": 1
    }
  },
  "inform": {
    "precision": 1.0,
    "recall": 0.6153846153846154,
    "f1-score": 0.761904761904762,
    "support": 26,
    "confused_with": {
      "deny": 9,
      "create_task": 1
    }
  },
  "affirm": {
    "precision": 0.6111111111111112,
    "recall": 0.44,
    "f1-score": 0.5116279069767442,
    "support": 25,
    "confused_with": {
      "thankyou": 5,
      "deny": 5
    }
  },
  "micro avg": {
    "precision": 0.6975308641975309,
    "recall": 0.6975308641975309,
    "f1-score": 0.6975308641975309,
    "support": 162
  },
  "macro avg": {
    "precision": 0.6792185519159203,
    "recall": 0.6138605488079173,
    "f1-score": 0.6236573024112013,
    "support": 162
  },
  "weighted avg": {
    "precision": 0.7643269110861705,
    "recall": 0.6975308641975309,
    "f1-score": 0.7157051719284384,
    "support": 162
  }
}