{
  "workspace_type": {
    "precision": 0.0,
    "recall": 0.0,
    "f1-score": 0.0,
    "support": 2
  },
  "task_name": {
    "precision": 0.0,
    "recall": 0.0,
    "f1-score": 0.0,
    "support": 33
  },
  "org_id": {
    "precision": 0.0,
    "recall": 0.0,
    "f1-score": 0.0,
    "support": 1
  },
  "stream_id": {
    "precision": 0.0,
    "recall": 0.0,
    "f1-score": 0.0,
    "support": 1
  },
  "stream_name": {
    "precision": 0.0,
    "recall": 0.0,
    "f1-score": 0.0,
    "support": 15
  },
  "workspace_name": {
    "precision": 1.0,
    "recall": 0.3958333333333333,
    "f1-score": 0.5671641791044776,
    "support": 48
  },
  "workspace_description": {
    "precision": 0.0,
    "recall": 0.0,
    "f1-score": 0.0,
    "support": 27
  },
  "name": {
    "precision": 0.9532710280373832,
    "recall": 0.8429752066115702,
    "f1-score": 0.8947368421052632,
    "support": 121
  },
  "micro avg": {
    "precision": 0.8832116788321168,
    "recall": 0.4879032258064516,
    "f1-score": 0.6285714285714286,
    "support": 248
  },
  "macro avg": {
    "precision": 0.24415887850467288,
    "recall": 0.15485106749311295,
    "f1-score": 0.1827376276512176,
    "support": 248
  },
  "weighted avg": {
    "precision": 0.6586523967440459,
    "recall": 0.4879032258064516,
    "f1-score": 0.5463187035957733,
    "support": 248
  }
}