{
  "stop": {
    "precision": 0.5,
    "recall": 0.2,
    "f1-score": 0.28571428571428575,
    "support": 5,
    "confused_with": {
      "affirm": 3,
      "goodbye": 1
    }
  },
  "create_task": {
    "precision": 1.0,
    "recall": 1.0,
    "f1-score": 1.0,
    "support": 9,
    "confused_with": {}
  },
  "inform": {
    "precision": 1.0,
    "recall": 1.0,
    "f1-score": 1.0,
    "support": 26,
    "confused_with": {}
  },
  "deny": {
    "precision": 0.75,
    "recall": 0.3333333333333333,
    "f1-score": 0.46153846153846156,
    "support": 9,
    "confused_with": {
      "affirm": 5,
      "stop": 1
    }
  },
  "mood_unhappy": {
    "precision": 1.0,
    "recall": 0.5,
    "f1-score": 0.6666666666666666,
    "support": 2,
    "confused_with": {
      "affirm": 1
    }
  },
  "affirm": {
    "precision": 0.5526315789473685,
    "recall": 0.84,
    "f1-score": 0.6666666666666667,
    "support": 25,
    "confused_with": {
      "greet": 2,
      "name": 1
    }
  },
  "greet": {
    "precision": 0.7272727272727273,
    "recall": 0.6153846153846154,
    "f1-score": 0.6666666666666667,
    "support": 13,
    "confused_with": {
      "affirm": 5
    }
  },
  "thankyou": {
    "precision": 1.0,
    "recall": 0.9,
    "f1-score": 0.9473684210526316,
    "support": 10,
    "confused_with": {
      "affirm": 1
    }
  },
  "goodbye": {
    "precision": 0.8,
    "recall": 0.6666666666666666,
    "f1-score": 0.7272727272727272,
    "support": 6,
    "confused_with": {
      "greet": 1,
      "affirm": 1
    }
  },
  "name": {
    "precision": 0.9824561403508771,
    "recall": 0.9824561403508771,
    "f1-score": 0.9824561403508771,
    "support": 57,
    "confused_with": {
      "affirm": 1
    }
  },
  "micro avg": {
    "precision": 0.8518518518518519,
    "recall": 0.8518518518518519,
    "f1-score": 0.8518518518518519,
    "support": 162
  },
  "macro avg": {
    "precision": 0.8312360446570972,
    "recall": 0.7037840755735493,
    "f1-score": 0.7404350035928984,
    "support": 162
  },
  "weighted avg": {
    "precision": 0.8661749069643807,
    "recall": 0.8518518518518519,
    "f1-score": 0.8462123754521416,
    "support": 162
  }
}