{
  "workspace_type": {
    "precision": 0.0,
    "recall": 0.0,
    "f1-score": 0.0,
    "support": 2
  },
  "task_name": {
    "precision": 0.0,
    "recall": 0.0,
    "f1-score": 0.0,
    "support": 33
  },
  "org_id": {
    "precision": 0.0,
    "recall": 0.0,
    "f1-score": 0.0,
    "support": 1
  },
  "stream_id": {
    "precision": 0.0,
    "recall": 0.0,
    "f1-score": 0.0,
    "support": 1
  },
  "stream_name": {
    "precision": 0.0,
    "recall": 0.0,
    "f1-score": 0.0,
    "support": 15
  },
  "workspace_name": {
    "precision": 0.875,
    "recall": 0.15555555555555556,
    "f1-score": 0.26415094339622647,
    "support": 45
  },
  "workspace_description": {
    "precision": 1.0,
    "recall": 0.5925925925925926,
    "f1-score": 0.7441860465116279,
    "support": 27
  },
  "name": {
    "precision": 0.9021739130434783,
    "recall": 0.8383838383838383,
    "f1-score": 0.869109947643979,
    "support": 99
  },
  "micro avg": {
    "precision": 0.9137931034482759,
    "recall": 0.47533632286995514,
    "f1-score": 0.6253687315634219,
    "support": 223
  },
  "macro avg": {
    "precision": 0.3471467391304348,
    "recall": 0.19831649831649828,
    "f1-score": 0.23468086719397918,
    "support": 223
  },
  "weighted avg": {
    "precision": 0.6981624098264769,
    "recall": 0.47533632286995514,
    "f1-score": 0.5292452938358657,
    "support": 223
  }
}