{
  "task_name": {
    "precision": 0.0,
    "recall": 0.0,
    "f1-score": 0.0,
    "support": 34
  },
  "task_priority": {
    "precision": 0.0,
    "recall": 0.0,
    "f1-score": 0.0,
    "support": 1
  },
  "stream_name": {
    "precision": 0.0,
    "recall": 0.0,
    "f1-score": 0.0,
    "support": 29
  },
  "workspace_name": {
    "precision": 0.5,
    "recall": 0.1724137931034483,
    "f1-score": 0.25641025641025644,
    "support": 29
  },
  "ws_id": {
    "precision": 0.0,
    "recall": 0.0,
    "f1-score": 0.0,
    "support": 1
  },
  "workspace_description": {
    "precision": 0.0,
    "recall": 0.0,
    "f1-score": 0.0,
    "support": 29
  },
  "name": {
    "precision": 0.9333333333333333,
    "recall": 0.875,
    "f1-score": 0.9032258064516129,
    "support": 96
  },
  "micro avg": {
    "precision": 0.8640776699029126,
    "recall": 0.4063926940639269,
    "f1-score": 0.5527950310559006,
    "support": 219
  },
  "macro avg": {
    "precision": 0.20476190476190476,
    "recall": 0.1496305418719212,
    "f1-score": 0.16566229469455276,
    "support": 219
  },
  "weighted avg": {
    "precision": 0.47534246575342465,
    "recall": 0.4063926940639269,
    "f1-score": 0.42988846965868616,
    "support": 219
  }
}