{
  "stop": {
    "precision": 0.8,
    "recall": 0.8,
    "f1-score": 0.8000000000000002,
    "support": 5,
    "confused_with": {
      "greet": 1
    }
  },
  "create_task": {
    "precision": 0.6923076923076923,
    "recall": 1.0,
    "f1-score": 0.8181818181818181,
    "support": 9,
    "confused_with": {}
  },
  "inform": {
    "precision": 1.0,
    "recall": 0.5384615384615384,
    "f1-score": 0.7000000000000001,
    "support": 26,
    "confused_with": {
      "affirm": 6,
      "create_task": 4
    }
  },
  "deny": {
    "precision": 0.6,
    "recall": 0.3333333333333333,
    "f1-score": 0.42857142857142855,
    "support": 9,
    "confused_with": {
      "affirm": 4,
      "stop": 1
    }
  },
  "mood_unhappy": {
    "precision": 0.0,
    "recall": 0.0,
    "f1-score": 0.0,
    "support": 2,
    "confused_with": {
      "affirm": 2
    }
  },
  "affirm": {
    "precision": 0.5,
    "recall": 0.88,
    "f1-score": 0.6376811594202899,
    "support": 25,
    "confused_with": {
      "name": 1,
      "greet": 1
    }
  },
  "greet": {
    "precision": 0.7058823529411765,
    "recall": 0.9230769230769231,
    "f1-score": 0.8000000000000002,
    "support": 13,
    "confused_with": {
      "name": 1
    }
  },
  "thankyou": {
    "precision": 0.8571428571428571,
    "recall": 0.6,
    "f1-score": 0.7058823529411764,
    "support": 10,
    "confused_with": {
      "affirm": 3,
      "greet": 1
    }
  },
  "goodbye": {
    "precision": 1.0,
    "recall": 0.5,
    "f1-score": 0.6666666666666666,
    "support": 6,
    "confused_with": {
      "affirm": 3
    }
  },
  "name": {
    "precision": 0.9444444444444444,
    "recall": 0.8947368421052632,
    "f1-score": 0.918918918918919,
    "support": 57,
    "confused_with": {
      "affirm": 4,
      "thankyou": 1
    }
  },
  "micro avg": {
    "precision": 0.7654320987654321,
    "recall": 0.7654320987654321,
    "f1-score": 0.7654320987654321,
    "support": 162
  },
  "macro avg": {
    "precision": 0.709977734683617,
    "recall": 0.6469608636977058,
    "f1-score": 0.64759023447003,
    "support": 162
  },
  "weighted avg": {
    "precision": 0.8130370476775706,
    "recall": 0.7654320987654321,
    "f1-score": 0.7604938895930656,
    "support": 162
  }
}