{
  "stream_name": {
    "precision": 0.0,
    "recall": 0.0,
    "f1-score": 0.0,
    "support": 23
  },
  "org_id": {
    "precision": 0.0,
    "recall": 0.0,
    "f1-score": 0.0,
    "support": 1
  },
  "name": {
    "precision": 0.9166666666666666,
    "recall": 0.77,
    "f1-score": 0.8369565217391305,
    "support": 100
  },
  "workspace_name": {
    "precision": 0.5185185185185185,
    "recall": 0.4666666666666667,
    "f1-score": 0.4912280701754386,
    "support": 30
  },
  "workspace_description": {
    "precision": 0.0,
    "recall": 0.0,
    "f1-score": 0.0,
    "support": 21
  },
  "stream_id": {
    "precision": 0.0,
    "recall": 0.0,
    "f1-score": 0.0,
    "support": 1
  },
  "task_name": {
    "precision": 1.0,
    "recall": 0.10344827586206896,
    "f1-score": 0.1875,
    "support": 29
  },
  "micro avg": {
    "precision": 0.8034188034188035,
    "recall": 0.4585365853658537,
    "f1-score": 0.5838509316770186,
    "support": 205
  },
  "macro avg": {
    "precision": 0.34788359788359785,
    "recall": 0.19144499178981939,
    "f1-score": 0.21652637027350988,
    "support": 205
  },
  "weighted avg": {
    "precision": 0.66449864498645,
    "recall": 0.4585365853658537,
    "f1-score": 0.5066828989228108,
    "support": 205
  }
}