{
  "create_task": {
    "precision": 0.8181818181818182,
    "recall": 1.0,
    "f1-score": 0.9,
    "support": 9,
    "confused_with": {}
  },
  "thankyou": {
    "precision": 0.8,
    "recall": 0.8,
    "f1-score": 0.8000000000000002,
    "support": 10,
    "confused_with": {
      "affirm": 2
    }
  },
  "deny": {
    "precision": 0.8571428571428571,
    "recall": 0.6666666666666666,
    "f1-score": 0.75,
    "support": 9,
    "confused_with": {
      "thankyou": 1,
      "stop": 1
    }
  },
  "greet": {
    "precision": 0.6428571428571429,
    "recall": 0.6923076923076923,
    "f1-score": 0.6666666666666666,
    "support": 13,
    "confused_with": {
      "affirm": 3,
      "goodbye": 1
    }
  },
  "mood_unhappy": {
    "precision": 0.0,
    "recall": 0.0,
    "f1-score": 0.0,
    "support": 2,
    "confused_with": {
      "greet": 1,
      "affirm": 1
    }
  },
  "goodbye": {
    "precision": 0.8,
    "recall": 0.6666666666666666,
    "f1-score": 0.7272727272727272,
    "support": 6,
    "confused_with": {
      "thankyou": 1,
      "greet": 1
    }
  },
  "stop": {
    "precision": 0.3333333333333333,
    "recall": 0.4,
    "f1-score": 0.3636363636363636,
    "support": 5,
    "confused_with": {
      "affirm": 2,
      "deny": 1
    }
  },
  "name": {
    "precision": 0.98,
    "recall": 0.8596491228070176,
    "f1-score": 0.9158878504672898,
    "support": 57,
    "confused_with": {
      "affirm": 6,
      "greet": 2
    }
  },
  "inform": {
    "precision": 0.9,
    "recall": 0.6923076923076923,
    "f1-score": 0.7826086956521738,
    "support": 26,
    "confused_with": {
      "affirm": 3,
      "create_task": 2
    }
  },
  "affirm": {
    "precision": 0.5263157894736842,
    "recall": 0.8,
    "f1-score": 0.6349206349206348,
    "support": 25,
    "confused_with": {
      "stop": 3,
      "inform": 2
    }
  },
  "micro avg": {
    "precision": 0.7716049382716049,
    "recall": 0.7716049382716049,
    "f1-score": 0.7716049382716049,
    "support": 162
  },
  "macro avg": {
    "precision": 0.6657830940988836,
    "recall": 0.6577597840755736,
    "f1-score": 0.6540992938615855,
    "support": 162
  },
  "weighted avg": {
    "precision": 0.8044421378924302,
    "recall": 0.7716049382716049,
    "f1-score": 0.7785489770684738,
    "support": 162
  }
}