{
  "stop": {
    "precision": 0.2631578947368421,
    "recall": 1.0,
    "f1-score": 0.4166666666666667,
    "support": 5,
    "confused_with": {}
  },
  "create_task": {
    "precision": 0.8181818181818182,
    "recall": 1.0,
    "f1-score": 0.9,
    "support": 9,
    "confused_with": {}
  },
  "inform": {
    "precision": 1.0,
    "recall": 0.7692307692307693,
    "f1-score": 0.8695652173913044,
    "support": 26,
    "confused_with": {
      "stop": 4,
      "create_task": 2
    }
  },
  "deny": {
    "precision": 0.8,
    "recall": 0.4444444444444444,
    "f1-score": 0.5714285714285714,
    "support": 9,
    "confused_with": {
      "stop": 5
    }
  },
  "mood_unhappy": {
    "precision": 0.3333333333333333,
    "recall": 0.5,
    "f1-score": 0.4,
    "support": 2,
    "confused_with": {
      "stop": 1
    }
  },
  "affirm": {
    "precision": 0.9130434782608695,
    "recall": 0.84,
    "f1-score": 0.8749999999999999,
    "support": 25,
    "confused_with": {
      "greet": 2,
      "stop": 1
    }
  },
  "greet": {
    "precision": 0.8571428571428571,
    "recall": 0.9230769230769231,
    "f1-score": 0.888888888888889,
    "support": 13,
    "confused_with": {
      "name": 1
    }
  },
  "thankyou": {
    "precision": 1.0,
    "recall": 0.8,
    "f1-score": 0.888888888888889,
    "support": 10,
    "confused_with": {
      "stop": 2
    }
  },
  "goodbye": {
    "precision": 1.0,
    "recall": 0.6666666666666666,
    "f1-score": 0.8,
    "support": 6,
    "confused_with": {
      "affirm": 2
    }
  },
  "name": {
    "precision": 0.9818181818181818,
    "recall": 0.9473684210526315,
    "f1-score": 0.9642857142857142,
    "support": 57,
    "confused_with": {
      "stop": 1,
      "mood_unhappy": 1
    }
  },
  "micro avg": {
    "precision": 0.8518518518518519,
    "recall": 0.8518518518518519,
    "f1-score": 0.8518518518518519,
    "support": 162
  },
  "macro avg": {
    "precision": 0.7966677563473902,
    "recall": 0.7890787224471436,
    "f1-score": 0.7574723947550035,
    "support": 162
  },
  "weighted avg": {
    "precision": 0.9165350183148302,
    "recall": 0.8518518518518519,
    "f1-score": 0.8692507178215712,
    "support": 162
  }
}