{
  "create_task": {
    "precision": 0.9,
    "recall": 1.0,
    "f1-score": 0.9473684210526316,
    "support": 9,
    "confused_with": {}
  },
  "thankyou": {
    "precision": 0.7142857142857143,
    "recall": 1.0,
    "f1-score": 0.8333333333333333,
    "support": 10,
    "confused_with": {}
  },
  "deny": {
    "precision": 0.5,
    "recall": 0.4444444444444444,
    "f1-score": 0.47058823529411764,
    "support": 9,
    "confused_with": {
      "affirm": 4,
      "stop": 1
    }
  },
  "greet": {
    "precision": 1.0,
    "recall": 0.6923076923076923,
    "f1-score": 0.8181818181818181,
    "support": 13,
    "confused_with": {
      "affirm": 4
    }
  },
  "mood_unhappy": {
    "precision": 1.0,
    "recall": 0.5,
    "f1-score": 0.6666666666666666,
    "support": 2,
    "confused_with": {
      "deny": 1
    }
  },
  "goodbye": {
    "precision": 1.0,
    "recall": 0.6666666666666666,
    "f1-score": 0.8,
    "support": 6,
    "confused_with": {
      "affirm": 2
    }
  },
  "stop": {
    "precision": 0.5,
    "recall": 0.4,
    "f1-score": 0.4444444444444445,
    "support": 5,
    "confused_with": {
      "thankyou": 2,
      "deny": 1
    }
  },
  "name": {
    "precision": 0.9814814814814815,
    "recall": 0.9298245614035088,
    "f1-score": 0.954954954954955,
    "support": 57,
    "confused_with": {
      "affirm": 2,
      "stop": 1
    }
  },
  "inform": {
    "precision": 1.0,
    "recall": 0.7692307692307693,
    "f1-score": 0.8695652173913044,
    "support": 26,
    "confused_with": {
      "affirm": 5,
      "create_task": 1
    }
  },
  "affirm": {
    "precision": 0.5526315789473685,
    "recall": 0.84,
    "f1-score": 0.6666666666666667,
    "support": 25,
    "confused_with": {
      "thankyou": 2,
      "name": 1
    }
  },
  "micro avg": {
    "precision": 0.8209876543209876,
    "recall": 0.8209876543209876,
    "f1-score": 0.8209876543209876,
    "support": 162
  },
  "macro avg": {
    "precision": 0.8148398774714565,
    "recall": 0.7242474134053081,
    "f1-score": 0.7471769757985938,
    "support": 162
  },
  "weighted avg": {
    "precision": 0.8580437719813939,
    "recall": 0.8209876543209876,
    "f1-score": 0.8258929455780635,
    "support": 162
  }
}