{
  "stop": {
    "precision": 1.0,
    "recall": 0.6,
    "f1-score": 0.7499999999999999,
    "support": 5,
    "confused_with": {
      "deny": 1,
      "affirm": 1
    }
  },
  "create_task": {
    "precision": 0.9,
    "recall": 1.0,
    "f1-score": 0.9473684210526316,
    "support": 9,
    "confused_with": {}
  },
  "inform": {
    "precision": 1.0,
    "recall": 0.9615384615384616,
    "f1-score": 0.9803921568627451,
    "support": 26,
    "confused_with": {
      "create_task": 1
    }
  },
  "deny": {
    "precision": 0.6666666666666666,
    "recall": 0.4444444444444444,
    "f1-score": 0.5333333333333333,
    "support": 9,
    "confused_with": {
      "affirm": 4,
      "greet": 1
    }
  },
  "mood_unhappy": {
    "precision": 0.0,
    "recall": 0.0,
    "f1-score": 0.0,
    "support": 2,
    "confused_with": {
      "deny": 1,
      "affirm": 1
    }
  },
  "affirm": {
    "precision": 0.6176470588235294,
    "recall": 0.84,
    "f1-score": 0.711864406779661,
    "support": 25,
    "confused_with": {
      "name": 3,
      "greet": 1
    }
  },
  "greet": {
    "precision": 0.6666666666666666,
    "recall": 0.6153846153846154,
    "f1-score": 0.64,
    "support": 13,
    "confused_with": {
      "name": 4,
      "affirm": 1
    }
  },
  "thankyou": {
    "precision": 1.0,
    "recall": 0.6,
    "f1-score": 0.7499999999999999,
    "support": 10,
    "confused_with": {
      "affirm": 4
    }
  },
  "goodbye": {
    "precision": 1.0,
    "recall": 0.3333333333333333,
    "f1-score": 0.5,
    "support": 6,
    "confused_with": {
      "greet": 2,
      "affirm": 2
    }
  },
  "name": {
    "precision": 0.890625,
    "recall": 1.0,
    "f1-score": 0.9421487603305785,
    "support": 57,
    "confused_with": {}
  },
  "micro avg": {
    "precision": 0.8333333333333334,
    "recall": 0.8333333333333334,
    "f1-score": 0.8333333333333334,
    "support": 162
  },
  "macro avg": {
    "precision": 0.7741605392156863,
    "recall": 0.6394700854700854,
    "f1-score": 0.675510707835895,
    "support": 162
  },
  "weighted avg": {
    "precision": 0.839342395908981,
    "recall": 0.8333333333333334,
    "f1-score": 0.8202814899767873,
    "support": 162
  }
}